<?xml version="1.0" encoding="UTF-8" standalone="yes"?>
<OfficeApp xmlns="http://schemas.microsoft.com/office/appforoffice/1.1" xmlns:xsi="http://www.w3.org/2001/XMLSchema-instance" xmlns:bt="http://schemas.microsoft.com/office/officeappbasictypes/1.0" xmlns:ov="http://schemas.microsoft.com/office/taskpaneappversionoverrides" xsi:type="TaskPaneApp">
  <Id>73b24c46-e34a-49dd-883b-024e5814ce78</Id>
  <Version>1.0.0.0</Version>
  <ProviderName>THREDrDB</ProviderName>
  <DefaultLocale>en-US</DefaultLocale>
  <DisplayName DefaultValue="THREDrDB"/>
  <Description DefaultValue="Integrated Database for Excel - Seamlessly integrate SQL queries and API calls into your spreadsheets."/>
  <IconUrl DefaultValue="https://app.thredr.net/assets/icon-32.png"/>
  <HighResolutionIconUrl DefaultValue="https://app.thredr.net/assets/icon-64.png"/>
  <SupportUrl DefaultValue="https://app.thredr.net/SUPPORT.md"/>
  <!-- Added explicit privacy policy and terms of use links for compliance -->
  <ExtendedProperties>
    <Property Name="PrivacyPolicyUrl" Value="https://app.thredr.net/PRIVACY_POLICY.md"/>
    <Property Name="TermsOfUseUrl" Value="https://app.thredr.net/TERMS_OF_USE.md"/>
  </ExtendedProperties>
  <AppDomains>
    <AppDomain>https://app.thredr.net/</AppDomain>
    <AppDomain>https://localhost:3000</AppDomain>
    <AppDomain>https://login.microsoftonline.com</AppDomain>
    <AppDomain>https://login.windows.net</AppDomain>
    <AppDomain>https://login.live.com</AppDomain>
    <AppDomain>https://*.microsoftonline.com</AppDomain>
    <AppDomain>https://*.windows.net</AppDomain>
    <AppDomain>https://*.live.com</AppDomain>
  </AppDomains>
  <Hosts>
    <Host Name="Workbook"/>
  </Hosts>
  <Requirements>
    <Sets DefaultMinVersion="1.1">
      <Set Name="SharedRuntime" MinVersion="1.1"/>
    </Sets>
  </Requirements>
  <DefaultSettings>
    <SourceLocation DefaultValue="https://app.thredr.net/taskpane.html"/>
  </DefaultSettings>
  <Permissions>ReadWriteDocument</Permissions>
  <VersionOverrides xmlns="http://schemas.microsoft.com/office/taskpaneappversionoverrides" xsi:type="VersionOverridesV1_0">
    <Hosts>
      <Host xsi:type="Workbook">
        <Runtimes>
          <Runtime resid="Taskpane.Url" lifetime="long"/>
        </Runtimes>
        <AllFormFactors>
          <ExtensionPoint xsi:type="CustomFunctions">
            <Script>
              <SourceLocation resid="Functions.Script.Url"/>
            </Script>
            <Page>
              <SourceLocation resid="Taskpane.Url"/>
            </Page>
            <Metadata>
              <SourceLocation resid="Functions.Metadata.Url"/>
            </Metadata>
            <Namespace resid="Functions.Namespace"/>
          </ExtensionPoint>
        </AllFormFactors>
        <DesktopFormFactor>
          <GetStarted>
            <Title resid="GetStarted.Title"/>
            <Description resid="GetStarted.Description"/>
            <LearnMoreUrl resid="GetStarted.LearnMoreUrl"/>
          </GetStarted>
          <ExtensionPoint xsi:type="PrimaryCommandSurface">
            <OfficeTab id="TabHome">
              <Group id="CommandsGroup">
                <Label resid="CommandsGroup.Label"/>
                <Icon>
                  <bt:Image size="16" resid="Icon.16x16"/>
                  <bt:Image size="32" resid="Icon.32x32"/>
                  <bt:Image size="80" resid="Icon.80x80"/>
                </Icon>
                <Control xsi:type="Button" id="TaskpaneButton">
                  <Label resid="TaskpaneButton.Label"/>
                  <Supertip>
                    <Title resid="TaskpaneButton.Label"/>
                    <Description resid="TaskpaneButton.Tooltip"/>
                  </Supertip>
                  <Icon>
                    <bt:Image size="16" resid="Icon.16x16"/>
                    <bt:Image size="32" resid="Icon.32x32"/>
                    <bt:Image size="80" resid="Icon.80x80"/>
                  </Icon>
                  <Action xsi:type="ShowTaskpane">
                    <TaskpaneId>ButtonId1</TaskpaneId>
                    <SourceLocation resid="Taskpane.Url"/>
                  </Action>
                </Control>
              </Group>
            </OfficeTab>
          </ExtensionPoint>
        </DesktopFormFactor>
      </Host>
    </Hosts>
    <Resources>
      <bt:Images>
        <bt:Image id="Icon.16x16" DefaultValue="https://app.thredr.net/assets/icon-16.png"/>
        <bt:Image id="Icon.32x32" DefaultValue="https://app.thredr.net/assets/icon-32.png"/>
        <bt:Image id="Icon.80x80" DefaultValue="https://app.thredr.net/assets/icon-80.png"/>
      </bt:Images>
      <bt:Urls>
        <bt:Url id="Functions.Script.Url" DefaultValue="https://app.thredr.net/functions.js"/>
        <bt:Url id="Functions.Metadata.Url" DefaultValue="https://app.thredr.net/functions.json"/>
        <bt:Url id="GetStarted.LearnMoreUrl" DefaultValue="https://app.thredr.net/fwlink/?LinkId=276812"/>
        <bt:Url id="Taskpane.Url" DefaultValue="https://app.thredr.net/taskpane.html"/>
      </bt:Urls>
      <bt:ShortStrings>
        <bt:String id="Functions.Namespace" DefaultValue="THREDRDB"/>
        <bt:String id="GetStarted.Title" DefaultValue="Get started with THREDrDB!"/>
        <bt:String id="CommandsGroup.Label" DefaultValue="THREDrDB"/>
        <bt:String id="TaskpaneButton.Label" DefaultValue="THREDrDB Options"/>
      </bt:ShortStrings>
      <bt:LongStrings>
        <bt:String id="GetStarted.Description" DefaultValue="THREDrDB loaded successfully. Go to the HOME tab and click the 'THREDrDB Options' button to get started."/>
        <bt:String id="TaskpaneButton.Tooltip" DefaultValue="Click to show THREDrDB Options"/>
      </bt:LongStrings>
    </Resources>
  </VersionOverrides>
</OfficeApp>
